{
  "L10": {
    "A1_full_model": {
      "psnr_mean": 16.539465539970234,
      "psnr_std": 0.6084478668906173,
      "ssim_mean": 0.32440745736994303,
      "ssim_std": 0.07274699930311143,
      "si_mean": 0.5175387238462766,
      "si_std": 0.07688171796903284
    },
    "A2_no_g_func": {
      "psnr_mean": NaN,
      "psnr_std": NaN,
      "ssim_mean": NaN,
      "ssim_std": NaN,
      "si_mean": NaN,
      "si_std": NaN
    },
    "A3_fixed_rbf": {
      "psnr_mean": 16.450618293877252,
      "psnr_std": 0.6055523763919697,
      "ssim_mean": 0.32003420922400133,
      "ssim_std": 0.07170540369783526,
      "si_mean": 0.5196965883175532,
      "si_std": 0.07678330701249532
    },
    "A4_varying_T": {
      "T1": {
        "psnr_mean": 16.46076324729252,
        "psnr_std": 0.6061848615715278,
        "ssim_mean": 0.32068331872399086,
        "ssim_std": 0.07190091712595867,
        "si_mean": 0.519451749821504,
        "si_std": 0.07679075309520018
      },
      "T2": {
        "psnr_mean": 16.472961078429396,
        "psnr_std": 0.6065343920444263,
        "ssim_mean": 0.32125206573321335,
        "ssim_std": 0.07203100909411801,
        "si_mean": 0.5191536868611971,
        "si_std": 0.07680469485044483
      },
      "T3": {
        "psnr_mean": 16.490463471509077,
        "psnr_std": 0.6070384842837878,
        "ssim_mean": 0.3220743139714138,
        "ssim_std": 0.0722187700014587,
        "si_mean": 0.5187270219127337,
        "si_std": 0.07682480963699746
      },
      "T4": {
        "psnr_mean": 16.512780950937472,
        "psnr_std": 0.6076807350722261,
        "ssim_mean": 0.32313112748209466,
        "ssim_std": 0.07245889630643162,
        "si_mean": 0.5181846742828687,
        "si_std": 0.0768506456728158
      },
      "T5": {
        "psnr_mean": 16.539465539970234,
        "psnr_std": 0.6084478668906173,
        "ssim_mean": 0.32440745736994303,
        "ssim_std": 0.07274699930311143,
        "si_mean": 0.5175387238462766,
        "si_std": 0.07688171796903284
      }
    },
    "A5_pde_baseline": {
      "psnr_mean": 16.45617788263957,
      "psnr_std": 0.605989275900597,
      "ssim_mean": 0.32044551764296814,
      "ssim_std": 0.07183985738888145,
      "si_mean": 0.519567221403122,
      "si_std": 0.07678608298734746
    }
  }
}