{
  "L1": {
    "A1_full_model": {
      "psnr_mean": 9.620717495563357,
      "psnr_std": 0.5621165098887718,
      "ssim_mean": 0.10231266303179747,
      "ssim_std": 0.03870560571386503,
      "si_mean": 0.8465064863363901,
      "si_std": 0.06629645070304378
    },
    "A2_no_g_func": {
      "psnr_mean": NaN,
      "psnr_std": NaN,
      "ssim_mean": NaN,
      "ssim_std": NaN,
      "si_mean": NaN,
      "si_std": NaN
    },
    "A3_fixed_rbf": {
      "psnr_mean": 9.606631912239527,
      "psnr_std": 0.5611554014035819,
      "ssim_mean": 0.10189095931954867,
      "ssim_std": 0.03838737283912283,
      "si_mean": 0.8478601078192393,
      "si_std": 0.06634230829065303
    },
    "A4_varying_T": {
      "T1": {
        "psnr_mean": 9.60794774146197,
        "psnr_std": 0.561256997416004,
        "ssim_mean": 0.10194762257766592,
        "ssim_std": 0.03843894929022495,
        "si_mean": 0.8477313816547394,
        "si_std": 0.06633598988861288
      },
      "T2": {
        "psnr_mean": 9.609937059545631,
        "psnr_std": 0.5613909511166645,
        "ssim_mean": 0.10200428331666928,
        "ssim_std": 0.03848017248275292,
        "si_mean": 0.8475404679775238,
        "si_std": 0.06632975985885695
      },
      "T3": {
        "psnr_mean": 9.612777267539549,
        "psnr_std": 0.5615818623679641,
        "ssim_mean": 0.10208498484782037,
        "ssim_std": 0.038538785389209344,
        "si_mean": 0.8472679356733958,
        "si_std": 0.0663209409935658
      },
      "T4": {
        "psnr_mean": 9.616395189956815,
        "psnr_std": 0.5618251437637914,
        "ssim_mean": 0.10218822000665333,
        "ssim_std": 0.03861409103251415,
        "si_mean": 0.8469209124644598,
        "si_std": 0.06630977674121638
      },
      "T5": {
        "psnr_mean": 9.620717495563357,
        "psnr_std": 0.5621165098887718,
        "ssim_mean": 0.10231266303179747,
        "ssim_std": 0.03870560571386503,
        "si_mean": 0.8465064863363901,
        "si_std": 0.06629645070304378
      }
    },
    "A5_pde_baseline": {
      "psnr_mean": 9.607469852410729,
      "psnr_std": 0.5612076681742183,
      "ssim_mean": 0.1019285510694566,
      "ssim_std": 0.03842136239704655,
      "si_mean": 0.8477790405352911,
      "si_std": 0.06633879632809835
    }
  }
}