{
  "L1": {
    "A1_full_model": {
      "psnr_mean": 15.704023724827172,
      "psnr_std": 1.1108926859454387,
      "ssim_mean": 0.2522362278016313,
      "ssim_std": 0.04855569538007797,
      "si_mean": 0.41098687797784805,
      "si_std": 0.07517611329319994,
      "psnr_list": [
        15.99028054336192,
        15.348790193630379,
        15.958002970807698,
        14.794481778364856,
        15.834486305743539,
        12.545211937992743,
        15.572444126061702,
        16.433474641847923,
        16.052645726972546,
        16.202248262775072,
        17.11400902402022,
        16.60220918634748
      ],
      "ssim_list": [
        0.30892286705855804,
        0.1813311470658528,
        0.2708528496710315,
        0.27000280062299437,
        0.32016191850273096,
        0.18801900815716835,
        0.33533777440275914,
        0.20584667417815714,
        0.2579199058110257,
        0.227875435937582,
        0.22897646836152885,
        0.23158788385018658
      ]
    },
    "A2_no_g_func": {
      "psnr_mean": 9.518313827033094,
      "psnr_std": 0.5530785249424669,
      "ssim_mean": 0.09825996564631996,
      "ssim_std": 0.03561630008303866,
      "si_mean": 0.8569128314654032,
      "si_std": 0.06679437845207774,
      "psnr_list": [
        9.792807195581288,
        9.054843285742248,
        9.57740441417866,
        9.464285794898407,
        9.927002449062254,
        7.927694246437817,
        10.073486566332793,
        9.556730026862589,
        9.794910175031287,
        9.388155815548911,
        10.028868422598658,
        9.633577532122201
      ],
      "ssim_list": [
        0.14650219113610452,
        0.05272558477886016,
        0.10325941621886574,
        0.0963716108198268,
        0.15134264942146117,
        0.07574924733756058,
        0.16590728844924754,
        0.05882810880489344,
        0.0927455477950293,
        0.07753324846113921,
        0.07066572581607716,
        0.08748896871677392
      ]
    },
    "A3_fixed_rbf": {
      "psnr_mean": 9.555068316963277,
      "psnr_std": 0.5593022481822723,
      "ssim_mean": 0.10080951102157493,
      "ssim_std": 0.037920913542077876,
      "si_mean": 0.8532479753096899,
      "si_std": 0.06645162361007287,
      "psnr_list": [
        9.828783921948713,
        9.084465566627287,
        9.61322022742195,
        9.503422443308182,
        9.967281574495471,
        7.948496089921551,
        10.119571401799305,
        9.593491239704083,
        9.83700159687485,
        9.421026781466779,
        10.0743603061183,
        9.669698653872864
      ],
      "ssim_list": [
        0.15798853714476047,
        0.053128080544678304,
        0.10474151244431491,
        0.09799127058178919,
        0.15250339672486163,
        0.07610127057579327,
        0.17309823143050965,
        0.05955579794327778,
        0.09426086291516227,
        0.07964087646136235,
        0.07165447450448294,
        0.08904982098790643
      ]
    },
    "A4_varying_T": {
      "T1": {
        "psnr_mean": 9.999179865433016,
        "psnr_std": 0.5736679870012089,
        "ssim_mean": 0.10701185514143158,
        "ssim_std": 0.039473375201271164,
        "si_mean": 0.8108029365539551,
        "si_std": 0.06604799049764395,
        "psnr_list": [
          10.276787102340549,
          9.53218795103938,
          10.06511832201117,
          9.919391327364593,
          10.408927154566939,
          8.334737075072367,
          10.536066201430682,
          10.060052992179674,
          10.287283085820684,
          9.888103388328213,
          10.546152388316376,
          10.135351396725554
        ],
        "ssim_list": [
          0.16671500330454342,
          0.056980658426608495,
          0.11118068806472493,
          0.1050883177692963,
          0.16045525611639774,
          0.08026880759832195,
          0.18194253337112334,
          0.06401814380177911,
          0.10080680378844813,
          0.08519705383279318,
          0.07692237109256674,
          0.0945666245305757
        ]
      },
      "T2": {
        "psnr_mean": 10.789252615372638,
        "psnr_std": 0.6046502474987646,
        "ssim_mean": 0.11812279331345708,
        "ssim_std": 0.04153686317883034,
        "si_mean": 0.7408334861199061,
        "si_std": 0.06583470689292692,
        "psnr_list": [
          11.078471014619025,
          10.332849964315091,
          10.871866661676588,
          10.646556130753122,
          11.187784891461938,
          9.005851548772341,
          11.268012461084814,
          10.897890346954789,
          11.08666569783868,
          10.730170845811344,
          11.390496394626396,
          10.974415426557513
        ],
        "ssim_list": [
          0.17988692905505785,
          0.06449604231114053,
          0.12309527613038455,
          0.1182686371516729,
          0.1748041430092556,
          0.0881521881314873,
          0.19625428814154977,
          0.07258401120497594,
          0.11292011454053773,
          0.09533965363147455,
          0.0869060157983736,
          0.10476622065557466
        ]
      },
      "T3": {
        "psnr_mean": 12.017098950196766,
        "psnr_std": 0.6723903807958597,
        "ssim_mean": 0.13818008868234025,
        "ssim_std": 0.0445229443384731,
        "si_mean": 0.6431260158618292,
        "si_std": 0.06645381527361473,
        "psnr_list": [
          12.32374928900661,
          11.582697072522478,
          12.131292011831906,
          11.751339211118486,
          12.38855795950531,
          10.003537531538626,
          12.387023614907736,
          12.219834026304277,
          12.331764659848277,
          12.054614033715424,
          12.729320285881382,
          12.301457706180692
        ],
        "ssim_list": [
          0.20205216232865206,
          0.07887584167623306,
          0.1446711727461092,
          0.14252327440397616,
          0.19960373502772563,
          0.10226687421748801,
          0.220628226104348,
          0.08901524355684805,
          0.1351799421565365,
          0.11408998514812352,
          0.10586442968855307,
          0.12339017713348968
        ]
      },
      "T4": {
        "psnr_mean": 13.718562556523416,
        "psnr_std": 0.820531810176541,
        "ssim_mean": 0.1747434596141549,
        "ssim_std": 0.04793311672634544,
        "si_mean": 0.5264768426616987,
        "si_std": 0.06917186143724612,
        "psnr_list": [
          14.041350065910297,
          13.321562187521529,
          13.889874821245163,
          13.217121343327987,
          14.019968016573142,
          11.274332497271349,
          13.893017883472996,
          14.106659457998155,
          14.056780859292797,
          13.931412225503934,
          14.662594874177657,
          14.208076445986002
        ],
        "ssim_list": [
          0.23843537476330295,
          0.1077514009287525,
          0.18438733945192895,
          0.18674261098045078,
          0.24153341425510577,
          0.1279908578052834,
          0.26116059429853034,
          0.12221369897652502,
          0.1760398924290451,
          0.14951939577754703,
          0.1431872563569196,
          0.15795967934646707
        ]
      },
      "T5": {
        "psnr_mean": 15.704023724827172,
        "psnr_std": 1.1108926859454387,
        "ssim_mean": 0.2522362278016313,
        "ssim_std": 0.04855569538007797,
        "si_mean": 0.41098687797784805,
        "si_std": 0.07517611329319994,
        "psnr_list": [
          15.99028054336192,
          15.348790193630379,
          15.958002970807698,
          14.794481778364856,
          15.834486305743539,
          12.545211937992743,
          15.572444126061702,
          16.433474641847923,
          16.052645726972546,
          16.202248262775072,
          17.11400902402022,
          16.60220918634748
        ],